<?xml version="1.0" encoding="UTF-8"?>
<UpdatePackageManifest>
	<UpdateInfo>
		<UpdateName>MAS-2.2.1.0</UpdateName>
		<Version>2.2.1.0</Version>
		<PackageSizeInMb>10</PackageSizeInMb>
		<Description>MAS Update 2.2.1.0</Description>
		<KBLink>http://support.MAS.com/KB/3014481</KBLink>
		<MinVersionRequired>2.1.0.0</MinVersionRequired>
		<ContainedUpdates>
			<UpdateVersion>2.1.0.1</UpdateVersion>
			<UpdateVersion>2.1.0.2</UpdateVersion>
			<UpdateVersion>2.1.0.3</UpdateVersion>
		</ContainedUpdates>
	</UpdateInfo>
</UpdatePackageManifest>